Nhood,Label,Avg_Need_ZScore,Level of Need,Socioeconomic Class,College Student Enrollment,College_Enrollment_Rate,Family Poverty Rate,Unemploy_Rate,Lack_of_Educ_Attain_Rate,Single_Parent_Rate,Avg_Homicide_Rate,Homicides,Avg_Homicides,WA_Med_HH_Income,WA_Med_Home_Value,WA_Med_Contract_Rent,Total_Pop,Hispanic_Latino_Rate,NH_White_Rate,NH_Black_Rate,NH_AmericanIndian_Rate,NH_Asian_Rate,NH_PI_Rate,NH_Other_Rate,NH_Biracial_Rate,Total_Housing_Units,Occupied_Units_Rate,Vacant_Unit_Rate,Shape__Area,Shape__Length,x,y
Allegheny Center,Allegheny Center,-0.070515005929576,Moderate Need,Working,Not Significant,6.553911205074,31.25,4.77611940298508,35.6177606177606,21.875,0,0,0,43386,Insufficient Data,978,1419,3.52360817477097,47.2163495419309,27.4136715997181,0.493305144467935,16.4904862579281,0.0704721634954193,0.493305144467935,4.29880197322058,1080,94.7222222222222,5.27777777777778,936721.09375,4231.51202137546,,
Allegheny West,Allegheny West,-0.814763398471967,Very Low Need,Upper-middle,Not Significant,4.37017994858612,3.92156862745098,4.88431876606684,23.2919254658385,0,0,0,0,82500,328100,860,540,7.59259259259259,77.037037037037,5.92592592592593,0,2.96296296296296,0.185185185185185,0.37037037037037,5.92592592592593,339,88.7905604719764,11.2094395280236,632653.40234375,3504.08851196451,,
Allentown,Allentown,0.4239519092726,High Need,Working,Not Significant,6.86839577329491,11.0671936758893,4.06685236768802,79.5109054857898,29.2490118577075,60.7375271149675,7,1.4,43336.420824295,31515.003928,643.768263943441,2305,3.51409978308026,54.3167028199566,33.882863340564,0.130151843817787,0.824295010845987,0.260303687635575,0.6941431670282,6.37744034707158,1160,85.0862068965517,14.9137931034483,1319398.1328125,6492.03354736105,,
Arlington-Arlington Heights-Mt. Oliver-St. Clair,Arlington-Arlington Heights-Mt. Oliver-St. Clair,1.37081378617778,Extreme Need,Working,Not Significant,2.8960223307746,36.0981308411215,11.9079238601151,84.3783209351753,53.7383177570093,7.50187546886722,1,0.2,33083,57200,500,2666,3.41335333833458,57.8769692423106,30.9452363090773,0.0375093773443361,0.300075018754689,0,1.31282820705176,6.11402850712678,1321,87.9636638909917,12.0363361090083,4539277.48046875,9490.17839891627,,
Banksville,Banksville,-0.575867914745924,Low Need,Middle,Not Significant,4.5299816705944,5.95111583421892,1.93265007320644,56.4761582685154,10.9458023379384,0,0,0,69880.1342379452,143582.82045,894.305966587112,4127,3.8284468136661,76.6173976253937,4.60382844681367,0.145384056215168,9.32881027380664,0,0.581536224860674,4.894596559244,2136,94.9438202247191,5.0561797752809,4330404.19140625,10209.4742157056,,
Bedford Dwellings,Bedford Dwellings,2.0619597217758,Extreme Need,Lower,Not Significant,3.3800494641385,37.7483443708609,10.5050505050505,93.4246575342466,72.8476821192053,86.5800865800866,6,1.2,16551,49500,237,1386,1.8037518037518,3.67965367965368,90.5483405483405,0.505050505050505,0.216450216450216,0,0,3.24675324675325,826,90.3147699757869,9.68523002421307,802770.69921875,5694.04231046608,,
Beechview,Beechview,-0.379002001912335,Low Need,Middle,Not Significant,8.48014725216934,4.16428978893326,2.88359386856883,72.091388400703,12.3217341699943,0,0,0,58004.7340577638,95203.133228,720.748336708128,7596,10.2685624012638,70.1026856240126,11.6377040547657,0.0921537651395471,2.06687730384413,0.0131648235913639,0.618746708794102,5.20010531858873,3848,90.2286902286902,9.77130977130977,6530616.07421875,13122.3469803671,,
Beltzhoover,Beltzhoover,0.796053857748171,High Need,Lower,Not Significant,4.14698162729659,38.1278538812785,0.613026819923372,84.3959731543624,39.4977168949772,74.8129675810474,6,1.2,28229.1483790524,52261.59601,622.498753117207,1604,5.7356608478803,11.3466334164589,73.0049875311721,0.43640897755611,0.872817955112219,0,0.872817955112219,7.73067331670823,910,77.5824175824176,22.4175824175824,1881169.8671875,5380.78584515603,,
Bloomfield,Bloomfield,-0.712310110774293,Very Low Need,Middle,Not Significant,15.6924072476273,2.99438552713662,2.926048691279,40.1404646137223,6.73736743605739,4.61627236006924,2,0.4,53920.5639930756,238453.98731,879.976226197346,8665,4.74321984997115,76.8840161569533,5.88574725908829,0.0807847663012118,7.85920369301789,0.0115406809001731,0.461627236006924,4.07386035776111,5405,91.1193339500463,8.88066604995375,3144929.08203125,8495.94543053653,,
Bluff,Bluff (Uptown),0.377671028599456,High Need,Working,Significant Enrollment,53.2132498855137,38.0597014925373,2.35493304602124,90.4466019417476,26.1194029850746,0,0,0,39531,147700,1049,5882,5.62733764025841,58.1604896293778,31.4008840530432,0.612036722203332,2.07412444746685,0,0.18701122067324,1.93811628697722,479,81.6283924843424,18.3716075156576,1465389.3359375,6293.56668847051,,
Bon Air,Bon Air,-0.0584218609458775,Moderate Need,Middle,Not Significant,7.03703703703704,6.11353711790393,3.70942812982998,71.8861209964413,31.4410480349345,0,0,0,53375,84200,885,759,1.71277997364954,86.6930171277997,8.5638998682477,0,0.922266139657444,0,0,2.10803689064559,392,92.0918367346939,7.90816326530612,1403977.40625,6366.40087824477,,
Brighton Heights,Brighton Heights,-0.308822337784794,Moderate Need,Middle,Not Significant,4.0573476702509,3.15151515151515,3.2536196518627,63.2740213523132,14,19.7044334975369,7,1.4,65364.6064743139,120592.22967,710.101900070373,7105,3.1667839549613,65.1935256861365,25.1090781140042,0.126671358198452,1.21041520056298,0,0.689655172413793,4.50387051372273,3541,92.0361479807964,7.96385201920361,5007763.8125,10466.0473424255,,
Brookline,Brookline,-0.405199426620361,Low Need,Middle,Not Significant,6.44321766561514,6.80933852140078,2.60979121670266,66.765306122449,11.9001297016861,1.53104187399525,1,0.2,65013.3129493287,121971.89007,789.576936599086,13063,3.55967235703897,82.4695705427543,6.03996019291128,0.107172931179668,2.62573681390186,0.0535864655898339,0.612416749598101,4.53188394702595,6336,93.844696969697,6.15530303030303,9299366.59375,14979.8374779214,,
California-Kirkbride,California-Kirkbride,0.509901366990148,High Need,Lower,Not Significant,15.3236459709379,30.7142857142857,2.01238390092879,87.7846790890269,35.7142857142857,28.2087447108604,1,0.2,28125,71500,700,709,2.25669957686883,29.0550070521862,64.1748942172073,0.141043723554302,0.705218617771509,0,0.705218617771509,2.96191819464034,345,85.2173913043478,14.7826086956522,972157.671875,4691.52361622706,,
Carrick,Carrick,0.13925469186347,Moderate Need,Working,Not Significant,4.96522411128284,15.9153273226186,5.13706262536216,77.0918891170431,18.2281458251666,13.6054421768707,7,1.4,41142.1539358601,80806.948494,733.679008746356,10290,3.91642371234208,67.7065111758989,15.9669582118562,0.204081632653061,6.15160349854227,0.0194363459669582,0.602526724975705,5.43245869776482,5017,89.1767988837951,10.8232011162049,7478632.09375,16177.6661809359,,
Central Business District,Central Business District (Downtown),-0.739938425490538,Very Low Need,Upper,Semi Significant Enrollment,29.5933456561922,9.93548387096774,2.35360572396912,25.6305939788446,4,18.2581705313128,5,1,93623.8445527845,458646.27789,1350.61897618601,5477,5.62351652364433,68.4133649808289,11.5391637757897,0.0730326821252511,10.4984480555048,0.0182581705313128,1.02245754975351,2.81175826182217,3900,80.5384615384615,19.4615384615385,2865603.0859375,9226.1600304035,,
Central Lawrenceville,Central Lawrenceville,-0.866996728383474,Very Low Need,Middle,Not Significant,8.26463749735785,0,2.11651756491381,40.0933488914819,2.47074122236671,4.23728813559322,1,0.2,67224.4527141645,250331.7218,1108.44017616834,4720,3.55932203389831,84.9364406779661,4.34322033898305,0.0211864406779661,3.47457627118644,0.0423728813559322,0.656779661016949,2.96610169491525,2921,88.8052036973639,11.1947963026361,4315217.64453125,10193.8456452823,,
Central Northside,Central Northside (Mexican War Streets),0.190425362358124,High Need,Middle,Not Significant,5.44111931597357,31.4183123877917,4.17963539350823,52.1759697256386,28.3662477558348,13.4589502018843,2,0.4,52454,314800,778,2972,3.49932705248991,59.4549125168237,30.3835800807537,0.168236877523553,1.8842530282638,0,0.471063257065949,4.13862718707941,1861,83.3960236432026,16.6039763567974,1159832.25,5764.02818802479,,
Central Oakland,Central Oakland,-0.301532578757601,Moderate Need,Lower,Significant Enrollment,76.2281197063806,10,5.05851264628162,66.7361835245047,0,6.85518423307626,2,0.4,16563.8294772922,221900,1015.70814053128,5835,3.75321336760925,75.9725792630677,4.88431876606684,0.0685518423307626,10.7283633247644,0.0171379605826907,0.411311053984576,4.16452442159383,2635,85.5028462998102,14.4971537001898,1259306.46875,4618.16367905033,,
Chartiers City-Windgap,Chartiers City-Fairywood-Windgap,-0.338344975055518,Moderate Need,Middle,Not Significant,5.16962843295638,4.21792618629174,4.14985590778098,76.6951942067149,4.92091388400703,0,0,0,58457.2069716776,94100.599129,667,1836,3.7037037037037,44.6623093681917,43.1917211328976,0.272331154684096,1.68845315904139,0.163398692810458,0.925925925925926,5.3921568627451,882,88.7755102040816,11.2244897959184,2442328.19140625,9205.53536106084,,
Crafton Heights,Crafton Heights,0.238216822505046,High Need,Working,Not Significant,4.24175214859994,21.8390804597701,3.3311125916056,74.9904397705545,31.0344827586207,15.0037509377344,3,0.6,40061.3350837709,91092.973243,676.410852713178,3999,2.37559389847462,56.4391097774444,31.357839459865,0.200050012503126,1.67541885471368,0,1.17529382345586,6.77669417354339,1824,92.1052631578947,7.89473684210526,3361047.42578125,8513.15129841631,,
Crawford-Roberts,Crawford-Roberts,1.1101302360364,Extreme Need,Lower,Not Significant,9.78142076502732,19.0677966101695,10.3217972070431,81.4814814814815,41.9491525423729,52.3331879633668,6,1.2,18293.8068033144,145592.49891,680,2293,2.39860444832098,12.6907980811164,76.5372873964239,0.392498909725251,2.87832533798517,0.0436109899694723,0.610553859572612,4.44832097688618,1371,88.6214442013129,11.3785557986871,1156740.85546875,6290.27085564632,,
Duquesne Heights,Duquesne Heights,-0.689844526472827,Low Need,Upper-middle,Not Significant,5.67190226876091,5.16129032258065,0.410396716826265,47.9726428920371,5.80645161290323,25.0312891113892,3,0.6,72691.1489361702,153244.68085,869.170212765957,2397,3.04547350855236,88.4438881935753,2.79516061743846,0,2.08594075928244,0.0834376303712974,0.208594075928244,3.3375052148519,1432,89.804469273743,10.195530726257,2787418.55078125,7744.43784711546,,
East Allegheny,East Allegheny (Deutschtown),-0.109819687023296,Moderate Need,Working,Not Significant,4.61880912632165,10.9243697478992,4.26378624218306,55.3062462098241,20.5882352941176,21.0194429847609,2,0.4,34648.3131897005,205847.3463,607.401996847084,1903,3.83604834471886,66.0010509721492,23.0162900683132,0.105097214923805,2.20704151339989,0.105097214923805,0.105097214923805,4.6242774566474,1466,76.8076398362892,23.1923601637108,1057094.93359375,5782.77588835508,,
East Carnegie,East Carnegie,0.446471735947387,High Need,Working,Not Significant,6.03864734299517,31.0679611650485,5.45454545454545,75.2873563218391,32.0388349514563,0,0,0,41250,78000,585,491,4.4806517311609,68.2281059063136,14.867617107943,0.814663951120163,1.62932790224033,0,0.203665987780041,9.77596741344195,233,86.6952789699571,13.3047210300429,1921028.6484375,7381.6773975526,,
East Hills,East Hills,1.58942915816027,Extreme Need,Lower,Not Significant,3.93129770992366,39.1959798994975,9.9250936329588,82.3211064341551,49.0787269681742,76.0719225449516,11,2.2,16417,62649.031812,218,2892,1.17565698478562,2.21300138312586,91.8395573997234,0.4149377593361,0.138312586445367,0.0345781466113416,0.484094052558783,3.69986168741355,1449,84.7481021394065,15.2518978605935,2422302.06640625,8889.57893013276,,
East Liberty,East Liberty,-0.371869464444886,Low Need,Working,Not Significant,12.2481725797825,7.35970561177553,2.41574128190142,48.4320557491289,22.7230910763569,12.9303378050752,4,0.8,44826.5776620578,258624.92926,784.221819731515,6187,4.12154517536771,40.0032325844513,41.8134798771618,0.274769678357847,8.22692742847907,0.0161629222563439,0.678842734766446,4.86503959915953,3706,88.3432271991365,11.6567728008635,2603479.94921875,9147.88360162618,,
Elliott-West End,Elliott-West End,0.525291601228257,High Need,Working,Not Significant,2.27897838899804,22.5997045790251,5.86206896551724,86.1204013377926,37.8138847858198,0,0,0,35972,68296.413678,545.266889074229,2398,2.75229357798165,57.5062552126772,31.9432860717264,0.125104253544621,0.875729774812344,0.208507089241034,0.375312760633862,6.21351125938282,1351,82.8275351591414,17.1724648408586,3610857.85546875,11050.6911066964,,
Esplen-Sheraden,Esplen-Sheraden,0.778356132311142,High Need,Working,Not Significant,10.6152241918665,25.6371814092954,9.64137214137214,75.6139843975729,23.2383808095952,36.5697568111172,10,2,32117.0630215195,59440.976413,601.393490583288,5469,2.70616200402267,39.7513256536844,44.2311208630463,0.12799414883891,3.96781861400622,0.109709270433352,1.46279027244469,7.6430791735235,2529,87.9794385132464,12.0205614867537,5008070.99609375,12049.2714867111,,
Fairywood,Fairywood,-0.486767869666801,Low Need,Middle,Not Significant,9.65207631874298,20,1.57766990291262,50.9433962264151,0,18.3150183150183,1,0.2,66181,Insufficient Data,974,1092,4.3040293040293,50.1831501831502,22.985347985348,0,15.2930402930403,0,0.183150183150183,7.05128205128205,547,94.6983546617916,5.30164533820841,4324562.44140625,10576.3931498649,,
Fineview,Fineview,1.15784272879012,Extreme Need,Working,Not Significant,9.02777777777778,10.828025477707,11.3684210526316,76.9448373408769,27.3885350318471,105.263157894737,6,1.2,35124.4885964912,93942.894737,555,1140,2.28070175438596,40,50.7017543859649,0.175438596491228,0.526315789473684,0,0.701754385964912,5.6140350877193,671,83.3084947839046,16.6915052160954,1118712.375,5060.13456969615,,
Friendship,Friendship,-0.900107814474829,Very Low Need,Working,Not Significant,21.5965008201203,5.55555555555556,2.04200700116686,22.6267880364109,8.33333333333333,0,0,0,40072.3525216505,283800,955.996943453897,1963,7.53948038716251,59.6535914416709,10.2394294447275,0.152827305145186,17.5751400916964,0,0.509424350483953,4.3301069791136,1333,93.2483120780195,6.7516879219805,475658.0625,3091.51608941984,,
Garfield,Garfield,0.392285765720448,High Need,Working,Not Significant,8.10659186535764,27.9220779220779,4.56036745406824,64.4905660377358,23.5064935064935,43.919846280538,8,1.6,49577.1636014274,121246.33544,668.355750754872,3643,3.04693933571232,27.0381553664562,60.7466373867691,0.247049135328026,2.38814164150425,0.0548998078506725,1.5920944276695,4.88608289870985,1920,85.15625,14.84375,2049177.98046875,5840.17151020749,,
Glen Hazel-Hazelwood,Glen Hazel-Hazelwood,0.302526339958789,High Need,Lower,Not Significant,3.28270455658991,27.6220145379024,4.4882790165809,69.909793814433,25.4413291796469,17.5901495162709,4,0.8,24697.9700967458,85420.030783,706.384009691096,4548,2.41864555848725,44.3931398416887,45.3605980650836,0.307827616534741,2.2207563764292,0.0219876868953386,0.593667546174142,4.68337730870712,2332,82.5042881646655,17.4957118353345,9120135.4765625,16326.6170626038,,
Greenfield,Greenfield,-0.628252157004753,Low Need,Middle,Not Significant,9.21583459404942,3.06065664997218,3.27017543859649,47.1322075155941,6.12131329994435,5.50888307395676,2,0.4,64895.3219887077,176400.12395,881.602800546448,7261,4.586145159069,79.1901941881284,4.21429555157692,0.0826332461093513,6.26635449662581,0.0688610384244594,0.647293761189919,4.94422255887619,3766,92.0074349442379,7.99256505576208,3458157.8671875,9019.43948691682,,
Hays-New Homestead,Hays-New Homestead,-0.250786411622473,Moderate Need,Working,Not Significant,4.28571428571429,20,2.66666666666667,67.5105485232068,2.08955223880597,16.1550888529887,1,0.2,49722,123500,628,1238,0.888529886914378,80.2100161550889,12.1163166397415,0,0.888529886914378,0,0.969305331179321,4.92730210016155,579,92.0552677029361,7.9447322970639,11372071.3320313,27819.4687913573,,
Highland Park,Highland Park,-0.994870092153946,Very Low Need,Upper,Not Significant,8.63514154673415,4.3613707165109,0.676613462873005,30.7480856076968,1.24610591900312,6.41539695268645,2,0.4,93448.0990755627,386899.66276,1077.98233499277,6235,4.68323977546111,68.4843624699278,15.7658380112269,0.128307939053729,4.8757016840417,0.0801924619085806,0.769847634322374,5.21251002405774,3226,90.7625542467452,9.2374457532548,5211469.62890625,9328.24474805098,,
Homewood North,Homewood North,1.16459816969206,Extreme Need,Lower,Not Significant,5.03568596352101,32.0644216691069,4.6455938697318,86.7807153965785,25.1830161054173,129.919755445166,17,3.4,28271.6599159343,45484.753535,569.790337711069,2617,2.25448987390141,2.52197172334734,89.6828429499427,0.343905235001911,0.458540313335881,0.11463507833397,0.764233855559801,3.859380970577,1436,75.9052924791086,24.0947075208914,1944734.03515625,6797.12003284738,,
Homewood South,Homewood South,1.43101046518849,Extreme Need,Lower,Not Significant,2.96979006656426,39.3139841688654,1.71232876712329,89.8617511520737,23.4828496042216,194.690265486726,22,4.4,18928.7433628319,81871.902655,405.044247787611,2260,1.8141592920354,2.78761061946903,88.8053097345133,0.309734513274336,0.398230088495575,0,1.23893805309735,4.64601769911504,1331,79.3388429752066,20.6611570247934,1752975.296875,6522.30808419237,,
Homewood West,Homewood West,0.90492977101065,Extreme Need,Lower,Not Significant,0.543478260869565,42.6470588235294,3.67132867132867,87.8091872791519,43.3823529411765,31.1526479750779,1,0.2,22470,52400,466,642,0.934579439252336,3.73831775700935,91.588785046729,0.155763239875389,0.155763239875389,0,1.71339563862928,1.71339563862928,454,75.1101321585903,24.8898678414097,891368.8359375,4044.01704306272,,
Knoxville,Knoxville,0.837138820305175,High Need,Working,Not Significant,1.18948824343015,12.4550898203593,11.1833105335157,82.9098360655738,24.1916167664671,45.8058975093043,8,1.6,44851.4108783535,53515.831663,694.255654165474,3493,4.49470369310049,32.5794446034927,50.8445462353278,0.486687661036358,2.54795304895505,0,1.17377612367592,7.87288863441168,1714,79.4049008168028,20.5950991831972,1349279.15234375,4827.59882063419,,
Larimer,Larimer,1.48985379238934,Extreme Need,Lower,Not Significant,3.80507343124166,43.5810810810811,7.24165988608625,91.6506717850288,32.4324324324324,103.559870550162,8,1.6,20583.1035598705,54180.582524,594.268608414239,1545,2.07119741100324,13.5275080906149,76.4401294498382,0.711974110032363,2.39482200647249,0.0647249190938511,0.388349514563107,4.40129449838188,852,79.5774647887324,20.4225352112676,1993762.7109375,6307.08457746608,,
Lincoln-Lemington-Belmar,Lincoln-Lemington-Belmar,0.480471428315848,High Need,Working,Not Significant,7.38490301472307,22.8729281767956,0.65396644867785,75.2370916754478,43.7569060773481,60.5060506050605,11,2.2,34974.3175797712,49736.092715,670.037627934979,3636,1.76017601760176,9.65346534653465,84.3784378437844,0.165016501650165,0.55005500550055,0,0.632563256325633,2.86028602860286,1879,83.3954230973922,16.6045769026078,8111092.0546875,16705.4903524828,,
Lincoln Place,Lincoln Place,0.0260595670356735,Moderate Need,Middle,Not Significant,1.11768573307035,11.2529002320186,5.49408622663106,84.3310566492567,10.4408352668213,6.3391442155309,1,0.2,62588.511251981,90809.286846,532.368421052632,3155,2.06022187004754,87.1632329635499,5.2931854199683,0.063391442155309,1.10935023771791,0,0.158478605388273,4.15213946117274,1563,90.467050543826,9.53294945617402,4392804.484375,11011.5039349395,,
Lower Lawrenceville,Lower Lawrenceville,-1.11803106253588,Very Low Need,Upper-middle,Not Significant,17.4988753936122,0,0.270880361173815,32.8380386329866,0,0,0,0,80228.4403634987,281450.62476,1122.54676258993,2641,2.80196895115487,79.8939795531995,7.00492237788716,0.11359333585763,5.41461567588035,0,0.530102234002272,4.24081787201817,1705,89.0909090909091,10.9090909090909,1925745.87109375,6171.23661707618,,
Manchester,Manchester,0.34293432749375,High Need,Working,Not Significant,9.1897233201581,18.8976377952756,5.49943883277217,59.3272171253823,34.3832020997375,29.5420974889217,3,0.6,43811.1674052191,208646.57804,718,2031,2.56031511570655,29.1974396848843,61.7922205809946,0.295420974889217,1.28015755785327,0,0.738552437223043,4.13589364844904,1221,88.3701883701884,11.6298116298116,1250817.87109375,5020.4355724277,,
Marshall-Shadeland,Marshall-Shadeland (Brightwood),0.176224404521919,High Need,Working,Not Significant,4.43666082895505,16.9092945128779,2.26575407127685,87.5096974398759,22.060470324748,29.6589223924864,6,1.2,39374.6534849234,58027.745665,735.770915728628,4046,2.42214532871972,41.6707859614434,47.0588235294118,0.173010380622837,1.4087988136431,0.074147305981216,0.889767671774592,6.30252100840336,2064,84.1569767441861,15.843023255814,5616698.77734375,20201.1046760078,,
Middle Hill,Middle Hill,0.988960353297817,Extreme Need,Working,Not Significant,4.5611610228058,31.8407960199005,0,93.1902985074627,57.2139303482587,79.6812749003984,7,1.4,32825.6163915766,126598.74787,590,1757,1.30904951622083,4.61013090495162,90.8935685828116,0,0.284575981787137,0,0.22766078542971,2.67501422879909,1093,84.7209515096066,15.2790484903934,1367801.24609375,5818.39338551473,,
Morningside,Morningside,-0.651092941614699,Low Need,Middle,Not Significant,7.7720207253886,1.83066361556064,1.94102276969018,47.5390156062425,15.675057208238,0,0,0,68207.1921894219,182118.54244,866.020545239036,3252,3.01353013530135,80.8118081180812,9.68634686346864,0.0922509225092251,1.5990159901599,0,0.43050430504305,4.36654366543665,1688,92.1800947867299,7.81990521327014,1712436.14453125,10836.356098076,,
Mount Washington,Mount Washington,-0.2775906114851,Moderate Need,Middle,Not Significant,8.41578111640406,10.3471749489449,3.96950578338591,51.7797383632492,17.358747447243,9.18484500574053,4,0.8,57036.1492537313,121445.22395,880.146268656716,8710,3.05396096440873,80.6084959816303,10.2985074626866,0.0918484500574053,1.03329506314581,0.0918484500574053,0.321469575200919,4.50057405281286,5364,88.6651752423565,11.3348247576435,5098584.59765625,13622.7136276846,,
North Oakland,North Oakland,-0.871434772808492,Very Low Need,Working,Significant Enrollment,70.6358894684275,8.42105263157895,3.20035559506612,23.6389684813754,0,0,0,0,32197.8890456871,305364.50873,873.944258246604,10691,3.10541577027406,65.7375362454401,8.9888691422692,0.430268450098213,17.2107380039285,0,1.96426901131793,2.56290337667197,3534,93.010752688172,6.98924731182796,2233236.1171875,8399.08147281547,,
North Shore,North Shore,-0.821101369571051,Very Low Need,Upper-middle,Not Significant,3.81944444444444,0,0,25.2707581227437,0,66.4451827242525,1,0.2,81598,Insufficient Data,1630,301,3.65448504983389,82.0598006644518,2.99003322259136,0,4.98338870431894,0,0.332225913621262,5.98006644518272,233,91.8454935622318,8.15450643776824,1359430.14453125,7212.0907819553,,
Northview Heights,Northview Heights,1.4416472812986,Extreme Need,Lower,Not Significant,2.69086357947434,72.4324324324324,3.41555977229602,95.3781512605042,48.6486486486487,33.9174674957603,3,0.6,16318,Insufficient Data,530,1769,1.63934426229508,3.8439796495195,90.8422837761447,0.169587337478802,0.113058224985868,0,0.565291124929339,2.82645562464669,564,92.5531914893617,7.4468085106383,1402920.98046875,5517.33313904519,,
Oakwood,Oakwood,-0.353454096992746,Low Need,Middle,Not Significant,7.5,8.94941634241245,3.82830626450116,57.8163771712159,13.6186770428016,0,0,0,52500,132300,609,1025,2.53658536585366,72.4878048780488,7.12195121951219,0.0975609756097561,10.7317073170732,0,0.390243902439024,6.63414634146342,560,95.8928571428572,4.10714285714286,1121655.26953125,6342.612935388,,
Overbrook,Overbrook,-0.14125964164536,Moderate Need,Middle,Not Significant,4.14356580099212,9.90566037735849,3.55048859934853,84.2592592592593,12.7358490566038,0,0,0,55478.7525122021,98158.799885,758.209015216767,3483,3.15819695664657,84.8119437266724,5.71346540338788,0.172265288544358,1.09101349411427,0,0.689061154177433,4.36405397645708,1673,91.8708906156605,8.12910938433951,3749044.328125,12819.8913738323,,
Perry North,Perry North (Observatory Hill),-0.027213515106007,Moderate Need,Middle,Not Significant,5.47581073896863,8.7378640776699,6.37162586315129,69.5073235685752,12.2330097087379,10.6439595529537,2,0.4,60836.2707610147,102680.98798,715.455540720961,3758,3.51250665247472,56.4928153273018,33.5816923895689,0,0.931346460883449,0.0266098988823842,0.478978179882916,4.97605109100585,1836,88.2897603485839,11.7102396514161,5566190.1328125,12566.9128883622,,
Perry South,Perry South (Perry Hilltop),0.344434430976141,High Need,Working,Not Significant,9.77886977886978,17.1052631578947,3.52133691435392,66.2042389210019,29.7368421052632,58.4329349269588,11,2.2,40660.5081081081,92159.762574,656.910756972112,3765,3.45285524568393,27.4900398406374,63.2934926958831,0.239043824701195,0.424966799468792,0.0531208499335989,1.00929614873838,4.03718459495352,2076,81.7919075144509,18.2080924855491,4053648.5625,10578.7420342531,,
Point Breeze-Regent Square,Point Breeze-Regent Square,-1.05284773602518,Very Low Need,Upper,Not Significant,8.00522790393726,1.80758017492711,1.59362549800797,16.4219798657718,7.1137026239067,0,0,0,125156.714194983,373957.97078,1060.45046046364,6319,3.8771957588226,83.0352903940497,3.35496122804241,0.0158252888115208,4.14622566861845,0.0316505776230416,0.427282797911062,5.11156828612122,2912,93.7843406593407,6.21565934065934,5357217.92578125,15392.6366573147,,
Point Breeze North,Point Breeze North,-0.273968065549254,Moderate Need,Upper-middle,Not Significant,12.7123005661348,10.5113636363636,4.5814479638009,31.2047399605003,23.2954545454545,20.1207243460765,2,0.4,71320.3158953722,163800,1153.8430583501,1988,4.82897384305835,52.2635814889336,31.6398390342052,0.45271629778672,5.6841046277666,0,0.653923541247485,4.47686116700201,1166,86.1921097770154,13.8078902229846,1309698.02734375,5625.78547157197,,
Polish Hill,Polish Hill,-0.765420130354608,Very Low Need,Middle,Not Significant,5.08885298869144,4.149377593361,1.48861646234676,45.5512572533849,7.88381742738589,0,0,0,55879.1115736886,156402.58118,733.491257285595,1201,2.99750208159867,81.5986677768526,6.744379683597,0,1.41548709408826,0.0832639467110741,0.915903413821815,6.24479600333056,775,87.0967741935484,12.9032258064516,1140308.33203125,5962.79492574537,,
Ridgemont-Westwood,Ridgemont-Westwood,-0.5628817761066,Low Need,Middle,Not Significant,2.19129404797157,3.53535353535354,1.64778578784758,65.0093457943925,7.82828282828283,5.37345513164965,1,0.2,60564.2353573348,118615.31435,672.997313272434,3722,3.51961311123052,67.4099946265449,8.00644814615798,0.0537345513164965,16.012896292316,0,1.04782375067168,3.94948952176249,1727,94.7307469600463,5.26925303995368,4733614.55859375,13146.587895326,,
Shadyside,Shadyside,-1.00506211216767,Very Low Need,Middle,Semi Significant Enrollment,28.6316541622008,4.914618908788,2.04477611940298,16.9215969215969,3.33194502290712,2.61147744336358,2,0.4,62051.2665750601,348219.31044,1205.06600509238,15317,4.6680159300124,62.8843768361951,4.30893778154991,0.0261147744336358,23.914604687602,0.0261147744336358,0.50270940784749,3.66912580792583,9424,93.0390492359932,6.96095076400679,4123995.5546875,10038.4110831592,,
South Oakland,South Oakland,-0.101537539420071,Moderate Need,Lower,Significant Enrollment,62.4606505771249,18.3760683760684,4.8303934871099,48.5804416403785,15.8119658119658,18.0234304595975,3,0.6,17197.0325684678,124475.64642,1159.92122669874,3329,5.43706818864524,55.8726344247522,16.9720636827876,0.180234304595975,16.9420246320216,0,0.36046860919195,4.23550615800541,1894,86.2196409714889,13.7803590285111,2274743.03515625,7701.35274873573,,
South Side Flats,South Side Flats,-0.727507856683472,Very Low Need,Middle,Not Significant,24.0398671096346,16.1430119176598,0.75705437026841,36.0239471511148,4.87540628385699,8.03535556448373,3,0.6,58049.1857164201,255713.24494,1237.1715548413,7467,4.031070041516,81.478505423865,5.10245078344717,0.0133922592741395,4.8078210794161,0.0133922592741395,0.549082630239721,4.00428552296772,5029,87.273811891032,12.726188108968,4186395.04296875,13884.793481443,,
South Side Slopes,South Side Slopes,-0.00525431307380647,Moderate Need,Working,Not Significant,9.50292397660819,11.5107913669065,3.49986641731232,61.5898251192369,29.6163069544364,18.4885602033742,4,0.8,47024.9812803328,128299.53779,933.633233186966,4327,4.69147215160619,78.2066096602727,10.0762653108389,0.0231107002542177,1.64085971804946,0.161774901779524,0.531546105847007,4.66836145135198,2574,83.7218337218337,16.2781662781663,3205356.8984375,10618.3993975801,,
Spring Garden,Spring Garden,-0.0716078870889275,Moderate Need,Working,Not Significant,6.15183246073298,22.9166666666667,1.27737226277372,82.0564516129032,18.75,0,0,0,42717,Insufficient Data,819,750,2.93333333333333,76.5333333333333,12.6666666666667,0.133333333333333,1.2,0,0.933333333333333,5.6,485,75.0515463917526,24.9484536082474,1230369.84765625,8594.19918520076,,
Spring Hill-City View,Spring Hill-City View,0.781286769541941,High Need,Lower,Not Significant,1.17504051863857,28.0728376327769,7.00517160319699,89.3596533461724,31.866464339909,25,3,0.6,27746.90125,85546.375,486.066308243728,2400,2.70833333333333,63.875,26.4166666666667,0.125,0.625,0,1.25,5,1261,86.2014274385408,13.7985725614592,2819220.2265625,7296.89430443316,,
Squirrel Hill North,Squirrel Hill North,-0.932048775658412,Very Low Need,Upper,Significant Enrollment,41.9323414806943,1.48026315789474,2.82802038572999,15.4887775922834,2.08333333333333,18.5200774475966,11,2.2,109384.795506571,506402.53734,1460.25551595384,11879,5.05093021298089,74.2486741308191,2.996885259702,0.0589275191514437,12.7620170047984,0.00841821702163482,0.446165502146645,4.42798215337991,3866,93.6368339368857,6.36316606311433,5472418.52734375,12154.4947221835,,
Squirrel Hill South,Squirrel Hill South,-1.04764599891875,Very Low Need,Upper-middle,Not Significant,17.4091105043828,1.83673469387755,1.10007388555948,24.8857337352913,4.42176870748299,0,0,0,77192.0967552393,361356.29692,1135.00020508614,15317,4.0804335052556,71.1758177188745,3.34269112750539,0.0652869360840896,16.2172749232878,0.0130573872168179,0.757328458575439,4.34810994320037,7710,92.3216601815824,7.67833981841764,11954595.96875,20100.1299482486,,
Stanton Heights,Stanton Heights,-0.540338304854468,Low Need,Middle,Not Significant,6.40785781103835,3.65744870651204,3.36414997431947,54.6073149985824,7.2256913470116,4.51773209848656,1,0.2,65583.3437994127,161390.2417,716.682786413356,4427,2.43957533318274,57.9625028235826,33.3182742263384,0.135531962954597,1.80709283939462,0.0225886604924328,0.429184549356223,3.88524960469844,2199,93.406093678945,6.59390632105502,3294624.0625,9778.8894091921,,
Strip District,Strip District,-0.651319788928197,Low Need,Upper,Not Significant,7.18025430067315,3.33333333333333,8.10810810810811,11.5625,3.33333333333333,0,0,0,105278,488900,1760,1845,4.76964769647696,79.6747967479675,2.76422764227642,0,9.43089430894309,0.0542005420054201,0.10840108401084,3.19783197831978,1428,86.9047619047619,13.0952380952381,2722589.17578125,9625.32993704293,,
Summer Hill,Summer Hill,-0.636612581098106,Low Need,Upper-middle,Not Significant,6.12244897959184,0,3.24763193504736,53.9143279172821,6.76328502415459,0,0,0,75280,117400,705,998,2.70541082164329,77.3547094188377,12.5250501002004,0,1.40280561122244,0,0.200400801603206,5.81162324649299,512,92.1875,7.8125,1967204.81640625,8390.84594398783,,
Swisshelm Park,Swisshelm Park,-0.796440102897048,Very Low Need,Upper-middle,Not Significant,5.83203732503888,0.892857142857143,3.13075506445672,41.745531019979,2.08333333333333,0,0,0,82609,169100,915,1339,2.31516056758775,85.8849887976102,4.48095593726662,0,3.06198655713219,0,0.298730395817774,3.95817774458551,635,94.6456692913386,5.35433070866142,2147119.75,8326.66332160323,,
Terrace Village-West Oakland,Terrace Village-West Oakland,1.09173451132597,Extreme Need,Lower,Significant Enrollment,44.9234693877551,51.4506769825919,5.20625889046942,75.9952465834819,54.9323017408124,16.4812525751957,4,0.8,16615.8950653983,117328.33465,989.688298310671,4854,3.64647713226205,41.3061392665843,44.2727647301195,0.226617222908941,5.85084466419448,0.0206015657189946,1.31850020601566,3.35805521219613,1853,84.7274689692391,15.2725310307609,2493662.43359375,8510.89139141799,,
Troy Hill,Troy Hill,-0.32144101897409,Moderate Need,Middle,Not Significant,3.76623376623377,3.35429769392034,1.68776371308017,58.273381294964,16.9811320754717,37.8071833648393,5,1,61456.8007561437,86812.21172,1055.77958412098,2645,3.78071833648393,76.0302457466919,12.4385633270321,0.0756143667296786,2.94896030245747,0,0.0378071833648393,4.68809073724008,1740,82.4137931034483,17.5862068965517,2061215.3671875,11861.9798239704,,
Upper Hill,Upper Hill (Sugar Top),0.256919363994951,High Need,Working,Not Significant,8.79012345679012,12.3732251521298,6.30681818181818,61.1070648215586,31.6430020283976,23.2153221125943,2,0.4,37288.3360417876,74492.861288,671.817179338363,1723,2.55368543238537,22.4027858386535,65.5832849680789,0.696459663377829,4.17875798026698,0,1.04468949506674,3.54033662217063,1107,76.2420957542909,23.7579042457091,1400943.08203125,4752.6531817945,,
Upper Lawrenceville,Upper Lawrenceville,-0.411640914537714,Low Need,Middle,Not Significant,8.92378399080812,7.14285714285714,2.27848101265823,48.5134497404436,22.6190476190476,8.35421888053467,1,0.2,65176.701754386,147656.22389,924.968648648649,2394,2.75689223057644,82.8738512949039,6.4327485380117,0.208855472013367,3.09106098579783,0,0.50125313283208,4.13533834586466,1459,86.4290610006854,13.5709389993146,1815153.83984375,7692.63624747917,,
